1.096600592136383057e-01,5.213135480880737305e-02,4.754287749528884888e-02,1.810931861400604248e-01,4.780505597591400146e-02,1.864278316497802734e-01,1.317519508302211761e-02,1.209207326173782349e-01,1.000995412468910217e-01,2.700566872954368591e-02,1.251470893621444702e-01,7.363900542259216309e-02,1.709926277399063110e-01,1.261881887912750244e-01,7.357884943485260010e-02,2.108758091926574707e-01
7.833674550056457520e-01,-1.824110373854637146e-02,-5.176750570535659790e-02,7.334122657775878906e-01,7.462367415428161621e-01,-1.201122533529996872e-02,7.265796065330505371e-01,8.406498432159423828e-01,-2.080931700766086578e-02,-2.430540276691317558e-03,-2.643815241754055023e-02,-4.882368445396423340e-02,7.470728754997253418e-01,-2.655783854424953461e-02,-4.352570325136184692e-02,6.994640231132507324e-01
8.495417833328247070e-01,-2.513098157942295074e-02,-6.097700074315071106e-02,7.944018840789794922e-01,8.237256407737731934e-01,-8.969618938863277435e-03,7.954716086387634277e-01,9.046180248260498047e-01,-2.876590006053447723e-02,-7.571243681013584137e-03,-2.893186174333095551e-02,-5.830202251672744751e-02,7.926706671714782715e-01,-3.485230356454849243e-02,-5.091537907719612122e-02,7.306196093559265137e-01
1.188407897949218750e+00,-1.864611543715000153e-02,-7.826501876115798950e-02,1.116665959358215332e+00,1.148985743522644043e+00,-3.523147851228713989e-02,1.141268372535705566e+00,1.270637154579162598e+00,-2.616242133080959320e-02,3.654783219099044800e-02,-5.029683932662010193e-02,-7.313244044780731201e-02,1.121693253517150879e+00,-3.841065987944602966e-02,-6.741534918546676636e-02,1.049388408660888672e+00
9.964685440063476562e-01,-1.137056201696395874e-02,-6.277605891227722168e-02,9.467633962631225586e-01,9.535693526268005371e-01,-2.760008350014686584e-02,9.429507851600646973e-01,1.073086380958557129e+00,-1.774229481816291809e-02,6.049776822328567505e-02,-4.028546065092086792e-02,-5.756343156099319458e-02,9.607650041580200195e-01,-2.705209888517856598e-02,-5.302974209189414978e-02,9.077666997909545898e-01
6.449638605117797852e-01,-1.585013233125209808e-02,-4.198687151074409485e-02,6.201691627502441406e-01,6.056961417198181152e-01,-2.895696787163615227e-03,5.788189768791198730e-01,6.869466900825500488e-01,-1.770428381860256195e-02,-3.317334456369280815e-03,-1.714929193258285522e-02,-3.937873616814613342e-02,6.206277012825012207e-01,-2.087938040494918823e-02,-3.425787016749382019e-02,5.904267430305480957e-01
8.621640205383300781e-01,-8.823742158710956573e-03,-5.014458298683166504e-02,8.365402221679687500e-01,8.074156045913696289e-01,-2.108972519636154175e-02,7.951728701591491699e-01,9.203323125839233398e-01,-1.310960110276937485e-02,5.308518558740615845e-02,-3.063302673399448395e-02,-4.686427116394042969e-02,8.391331434249877930e-01,-2.024030499160289764e-02,-4.128074645996093750e-02,8.018573522567749023e-01
6.904256343841552734e-01,-1.516297645866870880e-02,-4.370535910129547119e-02,6.650422215461730957e-01,6.505123376846313477e-01,-5.548215936869382858e-03,6.263092160224914551e-01,7.398530840873718262e-01,-1.736431755125522614e-02,-2.458221511915326118e-03,-1.996862143278121948e-02,-4.122775420546531677e-02,6.706739664077758789e-01,-2.104482799768447876e-02,-3.579095005989074707e-02,6.304980516433715820e-01
-1.987298764288425446e-02,1.542294025421142578e-02,1.665058135986328125e-01,-1.600177958607673645e-02,-2.138848043978214264e-02,2.906342148780822754e-01,-2.468474023044109344e-02,-1.654696650803089142e-02,8.177773654460906982e-02,-1.974373357370495796e-03,2.532760500907897949e-01,1.781488656997680664e-01,-1.183684449642896652e-02,1.499657928943634033e-01,1.860710382461547852e-01,-9.767002426087856293e-03
5.312417149543762207e-01,2.611191868782043457e-01,-7.426099386066198349e-03,5.973364114761352539e-01,4.300505220890045166e-01,-2.246891707181930542e-02,4.325874447822570801e-01,5.700672864913940430e-01,2.452717125415802002e-01,2.640238404273986816e-01,-1.568346843123435974e-02,-1.682652509771287441e-03,6.003525853157043457e-01,1.939673423767089844e-01,-3.906514029949903488e-03,6.565130352973937988e-01
9.072762727737426758e-02,2.084399610757827759e-01,1.580323129892349243e-01,1.882253140211105347e-01,1.651896722614765167e-02,7.377256453037261963e-02,-2.973234222736209631e-04,1.068751513957977295e-01,2.544691860675811768e-01,1.437827646732330322e-01,9.662820398807525635e-02,1.957975327968597412e-01,1.828110516071319580e-01,2.693513035774230957e-01,1.707223057746887207e-01,2.372482120990753174e-01
-8.977567777037620544e-03,7.093539834022521973e-02,1.382507234811782837e-01,-5.193861201405525208e-03,-1.408437639474868774e-02,2.580899298191070557e-01,-1.712817698717117310e-02,-7.225543260574340820e-03,9.083788096904754639e-02,3.904210776090621948e-02,2.157887071371078491e-01,1.662638336420059204e-01,-9.163010981865227222e-04,1.750763356685638428e-01,1.706722378730773926e-01,5.196697264909744263e-02
6.277782917022705078e-01,3.471174836158752441e-01,-6.133962888270616531e-03,7.102250456809997559e-01,5.043343305587768555e-01,-3.351625427603721619e-02,5.176266431808471680e-01,6.651701331138610840e-01,3.185750842094421387e-01,3.430413901805877686e-01,-2.204441651701927185e-02,7.897935807704925537e-03,7.067906856536865234e-01,2.623243331909179688e-01,-2.579796360805630684e-03,7.760421633720397949e-01
4.661063551902770996e-01,1.427995562553405762e-01,-1.022549904882907867e-02,5.239973068237304688e-01,3.793002367019653320e-01,-8.591772988438606262e-03,3.664059638977050781e-01,4.922145307064056396e-01,1.402260959148406982e-01,1.574265360832214355e-01,-9.323145262897014618e-03,-5.857660900801420212e-03,5.195533633232116699e-01,1.158123165369033813e-01,-6.756164133548736572e-03,5.569669604301452637e-01
5.342463254928588867e-01,1.472656577825546265e-01,-1.406153198331594467e-02,5.940136909484863281e-01,4.415528774261474609e-01,-1.192449498921632767e-02,4.292535781860351562e-01,5.638589859008789062e-01,1.389094144105911255e-01,1.702437698841094971e-01,-1.170532591640949249e-02,-9.325743652880191803e-03,5.843065977096557617e-01,9.822257608175277710e-02,-9.896854870021343231e-03,6.195425391197204590e-01
5.174832344055175781e-01,-1.755716628395020962e-03,-2.246238291263580322e-02,5.644718408584594727e-01,4.485915601253509521e-01,8.817177265882492065e-03,4.196220040321350098e-01,5.367414355278015137e-01,-6.581723573617637157e-04,3.157399594783782959e-02,-8.258310146629810333e-03,-1.925402879714965820e-02,5.383737683296203613e-01,-3.354796906933188438e-03,-1.724794320762157440e-02,5.419829487800598145e-01
4.396077990531921387e-01,1.910057067871093750e-01,-5.799954291433095932e-03,5.072324275970458984e-01,3.466734290122985840e-01,-1.016868092119693756e-02,3.371698260307312012e-01,4.659160375595092773e-01,1.871622800827026367e-01,1.902745664119720459e-01,-7.955028675496578217e-03,-1.282572047784924507e-03,5.028405785560607910e-01,1.616279482841491699e-01,-2.488604281097650528e-03,5.488134622573852539e-01
4.606074690818786621e-01,1.377406120300292969e-01,-1.155948825180530548e-02,5.136488676071166992e-01,3.806134760379791260e-01,-8.467203937470912933e-03,3.689764440059661865e-01,4.922902286052703857e-01,1.238176003098487854e-01,1.546897143125534058e-01,-1.013662852346897125e-02,-7.100775372236967087e-03,5.108121633529663086e-01,1.049968972802162170e-01,-6.472790148109197617e-03,5.507099628448486328e-01
3.823818564414978027e-01,-1.978849992156028748e-02,-2.536234818398952484e-02,3.992281258106231689e-01,3.399434983730316162e-01,2.009188681840896606e-01,2.919338345527648926e-01,3.890483379364013672e-01,-1.529885269701480865e-02,-1.295464392751455307e-02,1.149457693099975586e-02,-2.446067705750465393e-02,3.710048794746398926e-01,-1.632264070212841034e-02,-2.047757618129253387e-02,3.539503514766693115e-01
5.306914448738098145e-01,2.364429980516433716e-01,-7.941110990941524506e-03,6.035100817680358887e-01,4.242762625217437744e-01,-1.767094247043132782e-02,4.210416376590728760e-01,5.636014938354492188e-01,2.121996730566024780e-01,2.445392310619354248e-01,-1.301752682775259018e-02,-2.306938869878649712e-03,5.945775508880615234e-01,1.857233941555023193e-01,-3.890011459589004517e-03,6.555962562561035156e-01
5.497552156448364258e-01,6.281270086765289307e-02,-2.135010622441768646e-02,5.960248708724975586e-01,4.769485294818878174e-01,-8.606596849858760834e-03,4.598110616207122803e-01,5.813590288162231445e-01,5.367888510227203369e-02,1.069179922342300415e-01,-1.317839231342077255e-02,-1.686387695372104645e-02,5.780127048492431641e-01,1.805341243743896484e-02,-1.540069188922643661e-02,5.971461534500122070e-01
3.331813812255859375e-01,1.679578423500061035e-01,-7.920559728518128395e-04,3.973946571350097656e-01,2.448806911706924438e-01,-3.165954025462269783e-03,2.318742871284484863e-01,3.559404611587524414e-01,1.692392826080322266e-01,1.633785367012023926e-01,-2.109978115186095238e-03,3.482282906770706177e-02,4.005406498908996582e-01,1.718759834766387939e-01,2.607072144746780396e-02,4.558093249797821045e-01
6.026155352592468262e-01,2.254214137792587280e-01,-1.205137372016906738e-02,6.756644248962402344e-01,4.933087527751922607e-01,-2.179350703954696655e-02,4.923722147941589355e-01,6.329551935195922852e-01,2.097636312246322632e-01,2.398291826248168945e-01,-1.685534045100212097e-02,-6.644981447607278824e-03,6.617403030395507812e-01,1.578761041164398193e-01,-8.153358474373817444e-03,7.101377248764038086e-01
-8.154296316206455231e-03,4.458613991737365723e-01,4.053955972194671631e-01,4.526467248797416687e-02,-1.967314630746841431e-02,2.403979375958442688e-02,-1.995150186121463776e-02,-6.326667964458465576e-03,4.627497792243957520e-01,3.241254985332489014e-01,1.794683784246444702e-01,4.516932070255279541e-01,8.353239297866821289e-02,5.266190171241760254e-01,4.070150256156921387e-01,2.056703269481658936e-01
2.190807908773422241e-01,3.058232665061950684e-01,1.508026123046875000e-01,3.350667059421539307e-01,1.119275018572807312e-01,-3.162888810038566589e-03,1.000457182526588440e-01,2.360772639513015747e-01,3.248148560523986816e-01,2.351286709308624268e-01,4.113018885254859924e-02,1.922132074832916260e-01,3.241052925586700439e-01,3.249390721321105957e-01,1.782685518264770508e-01,4.015555977821350098e-01
1.059318333864212036e-01,3.955728411674499512e-01,2.549878954887390137e-01,2.085012048482894897e-01,3.122808411717414856e-03,-7.883170619606971741e-03,4.878656938672065735e-03,1.386528909206390381e-01,4.063072800636291504e-01,3.106336593627929688e-01,5.291218683123588562e-02,3.035788238048553467e-01,2.316273748874664307e-01,4.246231913566589355e-01,2.724496126174926758e-01,3.238914012908935547e-01
-7.093932479619979858e-03,4.718428254127502441e-01,4.010269045829772949e-01,2.807379886507987976e-02,-1.729239337146282196e-02,-5.336719565093517303e-03,-1.639415882527828217e-02,-3.208436537533998489e-03,4.818731546401977539e-01,3.534416854381561279e-01,1.175220608711242676e-01,4.519830048084259033e-01,8.435820043087005615e-02,5.370333194732666016e-01,3.999665975570678711e-01,1.987316310405731201e-01
1.102305203676223755e-01,3.596878796815872192e-02,2.747187390923500061e-02,1.704789698123931885e-01,6.377661973237991333e-02,1.539978235960006714e-01,3.256502002477645874e-02,1.259011924266815186e-01,8.830025047063827515e-02,2.018647640943527222e-02,9.282074868679046631e-02,5.396633595228195190e-02,1.678059250116348267e-01,1.047354415059089661e-01,5.378894880414009094e-02,1.945847570896148682e-01
1.388760656118392944e-01,1.151297390460968018e-01,7.502960413694381714e-02,2.181188613176345825e-01,7.228226214647293091e-02,1.059515774250030518e-01,4.756747186183929443e-02,1.505817174911499023e-01,1.630623340606689453e-01,7.799077779054641724e-02,8.887550234794616699e-02,1.028743013739585876e-01,2.110505104064941406e-01,1.756680011749267578e-01,9.284765273332595825e-02,2.478117346763610840e-01
2.690896391868591309e-01,9.061051905155181885e-02,-2.394009148702025414e-03,3.310737311840057373e-01,2.024421989917755127e-01,4.643872380256652832e-02,1.797870397567749023e-01,2.863894999027252197e-01,1.204621717333793640e-01,8.198574930429458618e-02,1.164834573864936829e-02,6.181344389915466309e-03,3.295949399471282959e-01,1.165544241666793823e-01,5.575776100158691406e-03,3.598209023475646973e-01
5.649339407682418823e-02,4.251964092254638672e-01,3.211678266525268555e-01,1.919362694025039673e-01,-4.722021054476499557e-03,-7.082922849804162979e-03,-4.443428944796323776e-03,7.906307280063629150e-02,4.640428423881530762e-01,3.069795072078704834e-01,8.064810931682586670e-02,3.628588020801544189e-01,1.990649849176406860e-01,4.708716273307800293e-01,3.218742609024047852e-01,2.859110236167907715e-01
-2.948998287320137024e-02,1.732525825500488281e-01,3.534740507602691650e-01,-2.155386097729206085e-02,-3.560778498649597168e-02,3.169246315956115723e-01,-3.848076611757278442e-02,-2.757464721798896790e-02,2.167845070362091064e-01,8.822683244943618774e-02,3.403867185115814209e-01,3.678445219993591309e-01,-1.720668561756610870e-02,3.325776457786560059e-01,3.619382381439208984e-01,-9.012501686811447144e-03
-2.780108153820037842e-02,8.935481309890747070e-03,1.994398534297943115e-01,-2.515406347811222076e-02,-2.971508912742137909e-02,3.688155710697174072e-01,-3.337044641375541687e-02,-2.407275699079036713e-02,5.204121768474578857e-02,-2.482310635969042778e-03,3.177378475666046143e-01,2.070446610450744629e-01,-1.950507797300815582e-02,1.613143682479858398e-01,2.315881997346878052e-01,-1.563692651689052582e-02
1.294314712285995483e-01,5.740642547607421875e-01,3.213277757167816162e-01,2.320885509252548218e-01,1.127506978809833527e-02,-2.544296719133853912e-02,3.604023158550262451e-02,1.782208085060119629e-01,5.462516546249389648e-01,4.679980278015136719e-01,-8.914705249480903149e-04,3.908147215843200684e-01,2.939236462116241455e-01,5.581597685813903809e-01,3.468349575996398926e-01,4.141803979873657227e-01
-2.324180491268634796e-02,1.259645372629165649e-01,2.505451440811157227e-01,-1.851844601333141327e-02,-2.795223332941532135e-02,2.879168987274169922e-01,-3.067882172763347626e-02,-2.026708982884883881e-02,1.525317281484603882e-01,6.756647676229476929e-02,2.803962826728820801e-01,2.739480733871459961e-01,-1.314937043935060501e-02,2.614466547966003418e-01,2.738518118858337402e-01,-5.684482399374246597e-03
-3.006999194622039795e-02,1.229002699255943298e-01,2.949773967266082764e-01,-2.472914382815361023e-02,-3.378500416874885559e-02,2.944459319114685059e-01,-3.647652268409729004e-02,-2.751495875418186188e-02,1.730419099330902100e-01,5.682031065225601196e-02,3.105520009994506836e-01,3.112484812736511230e-01,-1.932208426296710968e-02,2.706878781318664551e-01,3.089205622673034668e-01,-1.291278656572103500e-02
5.073512345552444458e-02,8.278936147689819336e-02,3.913971409201622009e-02,6.801442801952362061e-02,2.387378923594951630e-02,9.803351759910583496e-02,7.647270336747169495e-03,9.415963292121887207e-02,9.024028480052947998e-02,7.982750236988067627e-02,7.039120793342590332e-02,7.582910358905792236e-02,1.179935783147811890e-01,1.348772943019866943e-01,7.619494944810867310e-02,1.588387936353683472e-01
1.507194340229034424e-01,3.498111963272094727e-01,2.274564057588577271e-01,2.675544023513793945e-01,4.620412737131118774e-02,-5.332509055733680725e-03,4.130799323320388794e-02,1.721294075250625610e-01,3.823980987071990967e-01,2.630060017108917236e-01,5.808228626847267151e-02,2.706391811370849609e-01,2.667113244533538818e-01,3.889823555946350098e-01,2.338594794273376465e-01,3.458454012870788574e-01
2.433587312698364258e-01,2.492888122797012329e-01,1.057266294956207275e-01,3.452670574188232422e-01,1.437561810016632080e-01,-3.116076113656163216e-03,1.303943693637847900e-01,2.538018226623535156e-01,2.839370965957641602e-01,1.940625011920928955e-01,2.165285125374794006e-02,1.527663618326187134e-01,3.360692262649536133e-01,2.753347754478454590e-01,1.247455552220344543e-01,3.984313011169433594e-01
-1.535628456622362137e-02,3.045511245727539062e-01,3.147688508033752441e-01,-1.029945537447929382e-02,-2.251121774315834045e-02,7.145631313323974609e-02,-2.271164953708648682e-02,-1.190439797937870026e-02,3.101559281349182129e-01,2.275313138961791992e-01,1.614917069673538208e-01,3.635129034519195557e-01,-2.349521731957793236e-03,4.045217037200927734e-01,3.316619992256164551e-01,8.058223873376846313e-02
1.720948964357376099e-01,2.311546057462692261e-01,1.295625567436218262e-01,2.590731382369995117e-01,8.334465324878692627e-02,8.738722652196884155e-03,7.005290687084197998e-02,1.927054822444915771e-01,2.544373273849487305e-01,1.843726634979248047e-01,6.341505050659179688e-02,1.666861623525619507e-01,2.673375904560089111e-01,2.724176347255706787e-01,1.490220874547958374e-01,3.302507400512695312e-01
1.699812710285186768e-01,1.523494422435760498e-01,6.856516748666763306e-02,2.410791665315628052e-01,9.386176615953445435e-02,7.623706012964248657e-02,7.168728858232498169e-02,1.914131045341491699e-01,1.746032685041427612e-01,1.240134760737419128e-01,6.829564273357391357e-02,1.118383407592773438e-01,2.421867996454238892e-01,1.994138658046722412e-01,9.522773325443267822e-02,2.996705770492553711e-01
1.050769910216331482e-01,2.340941280126571655e-01,1.432285159826278687e-01,1.798329055309295654e-01,3.284566104412078857e-02,1.470896042883396149e-02,2.233772911131381989e-02,1.417132467031478882e-01,2.554413378238677979e-01,1.819895803928375244e-01,6.357660889625549316e-02,1.873490512371063232e-01,1.978343576192855835e-01,2.826861143112182617e-01,1.713957190513610840e-01,2.608631849288940430e-01
1.421821564435958862e-01,4.383623003959655762e-01,2.552161812782287598e-01,2.543674707412719727e-01,2.721931599080562592e-02,-1.082358509302139282e-02,3.046994470059871674e-02,1.784753799438476562e-01,4.413866698741912842e-01,3.419573903083801270e-01,3.783574700355529785e-02,3.071241676807403564e-01,2.721507847309112549e-01,4.559459090232849121e-01,2.775361537933349609e-01,3.729217052459716797e-01
3.272517584264278412e-03,3.767259716987609863e-01,3.366083502769470215e-01,1.506306380033493042e-01,-1.073932554572820663e-02,5.115183815360069275e-02,-1.220758724957704544e-02,5.613733083009719849e-03,4.350495338439941406e-01,2.475455999374389648e-01,1.480881571769714355e-01,3.794510364532470703e-01,1.381601244211196899e-01,4.517269134521484375e-01,3.337578177452087402e-01,2.256118357181549072e-01
1.146569326519966125e-01,5.246575474739074707e-01,3.513189554214477539e-01,2.725751996040344238e-01,-1.879864023067057133e-03,-1.192215550690889359e-02,-1.545262173749506474e-03,1.365061104297637939e-01,5.389989614486694336e-01,3.899497687816619873e-01,7.229904830455780029e-02,4.079063534736633301e-01,2.735481858253479004e-01,5.518499612808227539e-01,3.605269193649291992e-01,3.863655924797058105e-01
-1.103825718164443970e-01,1.218864321708679199e+00,1.681393027305603027e+00,-7.872162759304046631e-02,-1.331897825002670288e-01,1.846446096897125244e-02,-1.278266459703445435e-01,-1.153072342276573181e-01,1.368513107299804688e+00,7.581996917724609375e-01,6.033076047897338867e-01,1.721851348876953125e+00,-6.832202523946762085e-02,1.590253353118896484e+00,1.480168700218200684e+00,-3.726496174931526184e-02
-1.069307550787925720e-01,1.362013578414916992e+00,1.788549780845642090e+00,-7.064365595579147339e-02,-1.351187378168106079e-01,-9.677369380369782448e-04,-1.293642520904541016e-01,-1.135496720671653748e-01,1.496727943420410156e+00,8.613830208778381348e-01,6.293405890464782715e-01,1.836822628974914551e+00,-6.160637363791465759e-02,1.729294538497924805e+00,1.581007480621337891e+00,-2.651067078113555908e-02
-3.176326677203178406e-02,9.259566068649291992e-01,9.146338105201721191e-01,-7.862030528485774994e-03,-5.133693292737007141e-02,-1.417166460305452347e-02,-4.817858710885047913e-02,-3.238211199641227722e-02,9.643675088882446289e-01,6.395311355590820312e-01,2.477280050516128540e-01,9.820796251296997070e-01,-4.197179339826107025e-03,1.053372740745544434e+00,8.464359641075134277e-01,1.887533366680145264e-01
-1.148212924599647522e-01,1.225063323974609375e+00,1.753470540046691895e+00,-8.073647320270538330e-02,-1.390573084354400635e-01,6.218318268656730652e-02,-1.340857893228530884e-01,-1.214817911386489868e-01,1.397523522377014160e+00,7.481218576431274414e-01,6.616299748420715332e-01,1.776536464691162109e+00,-7.130476832389831543e-02,1.623404145240783691e+00,1.532862782478332520e+00,-4.081643745303153992e-02
-1.304285973310470581e-01,1.040518999099731445e+00,1.735766410827636719e+00,-1.000890657305717468e-01,-1.511288732290267944e-01,2.425755560398101807e-01,-1.474259495735168457e-01,-1.369975507259368896e-01,1.245394349098205566e+00,5.857049822807312012e-01,7.443486452102661133e-01,1.739176988601684570e+00,-8.892243355512619019e-02,1.510086417198181152e+00,1.509256601333618164e+00,-6.126643344759941101e-02
-1.134483143687248230e-01,1.138158202171325684e+00,1.696245670318603516e+00,-7.685869187116622925e-02,-1.369926184415817261e-01,1.627640873193740845e-01,-1.338800936937332153e-01,-1.214861795306205750e-01,1.346191167831420898e+00,6.516569256782531738e-01,6.777498126029968262e-01,1.720275282859802246e+00,-7.148276269435882568e-02,1.548163294792175293e+00,1.478171467781066895e+00,-4.276292398571968079e-02
-1.352537330240011215e-02,4.556360244750976562e-01,4.594262242317199707e-01,2.424087142571806908e-03,-2.508265152573585510e-02,5.662114918231964111e-02,-2.564728073775768280e-02,-1.178309600800275803e-02,5.026431679725646973e-01,3.022949993610382080e-01,1.899853795766830444e-01,5.027415752410888672e-01,2.318031713366508484e-02,5.583305358886718750e-01,4.501707553863525391e-01,1.398528218269348145e-01
-1.925662718713283539e-02,2.806468009948730469e-01,3.910354375839233398e-01,-8.099224418401718140e-03,-2.763879299163818359e-02,1.689359247684478760e-01,-2.930319868028163910e-02,-1.834762468934059143e-02,3.532600402832031250e-01,1.675306409597396851e-01,2.474240511655807495e-01,4.155153036117553711e-01,-5.578359123319387436e-03,4.196563959121704102e-01,3.702829480171203613e-01,2.931474894285202026e-02
-1.073741838335990906e-01,1.232255935668945312e+00,1.717976570129394531e+00,-7.110666483640670776e-02,-1.333147883415222168e-01,8.431002497673034668e-02,-1.290848404169082642e-01,-1.148819327354431152e-01,1.395784497261047363e+00,7.504492998123168945e-01,6.554507017135620117e-01,1.749872326850891113e+00,-6.439046561717987061e-02,1.612772822380065918e+00,1.508258700370788574e+00,-3.243205696344375610e-02
-1.291503757238388062e-01,1.045461654663085938e+00,1.757330060005187988e+00,-9.593139588832855225e-02,-1.515834480524063110e-01,2.846686542034149170e-01,-1.486014872789382935e-01,-1.374158114194869995e-01,1.263319611549377441e+00,5.758816599845886230e-01,7.754384279251098633e-01,1.759780287742614746e+00,-8.690456300973892212e-02,1.524896144866943359e+00,1.525097131729125977e+00,-5.900108814239501953e-02
-2.859104983508586884e-02,3.887443542480468750e-01,5.508003830909729004e-01,-1.295355707406997681e-02,-3.932128474116325378e-02,1.646317690610885620e-01,-4.047382622957229614e-02,-2.942329645156860352e-02,4.826520681381225586e-01,2.239073812961578369e-01,3.042825162410736084e-01,5.721387863159179688e-01,-1.158068049699068069e-02,5.613420605659484863e-01,5.078694224357604980e-01,-1.207595341838896275e-03
-1.211227998137474060e-01,8.410659432411193848e-01,1.587107300758361816e+00,-8.663871139287948608e-02,-1.417361199855804443e-01,4.428119957447052002e-01,-1.418373286724090576e-01,-1.318819075822830200e-01,1.091065645217895508e+00,3.929313719272613525e-01,8.002316355705261230e-01,1.580828070640563965e+00,-8.391380310058593750e-02,1.323736310005187988e+00,1.373587965965270996e+00,-5.981099233031272888e-02
-6.859066337347030640e-02,9.855485558509826660e-01,1.276679158210754395e+00,-3.555479273200035095e-02,-9.127778559923171997e-02,5.823936685919761658e-02,-8.921775221824645996e-02,-7.400627434253692627e-02,1.124535322189331055e+00,6.053479313850402832e-01,5.209907293319702148e-01,1.306361317634582520e+00,-3.409724310040473938e-02,1.258014678955078125e+00,1.140783905982971191e+00,-1.039469335228204727e-02
-6.984928995370864868e-02,1.052079558372497559e+00,1.293619513511657715e+00,-3.991484269499778748e-02,-9.227721393108367920e-02,-2.883907873183488846e-03,-8.884187787771224976e-02,-7.327634096145629883e-02,1.168000698089599609e+00,6.728571057319641113e-01,4.807659685611724854e-01,1.333913564682006836e+00,-3.453291952610015869e-02,1.307473063468933105e+00,1.163348197937011719e+00,-1.035202201455831528e-02
-1.422517187893390656e-02,1.749326437711715698e-01,2.955725193023681641e-01,-5.007620435208082199e-03,-2.175380289554595947e-02,2.270105332136154175e-01,-2.424007467925548553e-02,-1.374156959354877472e-02,2.473937869071960449e-01,9.069942682981491089e-02,2.367448508739471436e-01,3.124010264873504639e-01,-2.755016554147005081e-03,3.142734169960021973e-01,2.835962176322937012e-01,4.047223180532455444e-02
-1.035580188035964966e-01,9.297834038734436035e-01,1.473601102828979492e+00,-7.673112303018569946e-02,-1.226884275674819946e-01,1.674601137638092041e-01,-1.193991824984550476e-01,-1.088933348655700684e-01,1.101384162902832031e+00,5.448840260505676270e-01,6.165657043457031250e-01,1.478796601295471191e+00,-6.740204989910125732e-02,1.313205480575561523e+00,1.287850618362426758e+00,-4.310943186283111572e-02
1.479924619197845459e-01,5.577363371849060059e-01,3.696891963481903076e-01,3.043391406536102295e-01,3.174034878611564636e-03,-1.759673282504081726e-02,1.304046995937824249e-02,1.696971803903579712e-01,5.843967199325561523e-01,4.238033294677734375e-01,4.426658526062965393e-02,4.268491566181182861e-01,3.122926354408264160e-01,5.801251530647277832e-01,3.607708215713500977e-01,4.274392127990722656e-01
-1.102561578154563904e-01,1.071538567543029785e+00,1.628390789031982422e+00,-7.788962870836257935e-02,-1.329180449247360229e-01,1.645051985979080200e-01,-1.297081410884857178e-01,-1.172985360026359558e-01,1.259355306625366211e+00,6.253514885902404785e-01,6.722758412361145020e-01,1.645454525947570801e+00,-6.946022808551788330e-02,1.473646402359008789e+00,1.421039223670959473e+00,-4.260153323411941528e-02
-1.334572881460189819e-01,1.016373395919799805e+00,1.760030865669250488e+00,-1.008037924766540527e-01,-1.547768563032150269e-01,3.115399777889251709e-01,-1.520219743251800537e-01,-1.416708678007125854e-01,1.243059635162353516e+00,5.465672612190246582e-01,7.932000160217285156e-01,1.756828546524047852e+00,-9.189095348119735718e-02,1.505989670753479004e+00,1.525903463363647461e+00,-6.449487060308456421e-02
-1.007479429244995117e-01,8.797203898429870605e-01,1.444686412811279297e+00,-7.157840579748153687e-02,-1.199461817741394043e-01,2.211862057447433472e-01,-1.177450567483901978e-01,-1.072626113891601562e-01,1.072487831115722656e+00,4.937627613544464111e-01,6.350840330123901367e-01,1.441982150077819824e+00,-6.555511057376861572e-02,1.265473961830139160e+00,1.255762100219726562e+00,-4.217273741960525513e-02
2.509436011314392090e-02,6.450449228286743164e-01,5.218422412872314453e-01,2.383170425891876221e-01,-1.382875628769397736e-02,-1.182650309056043625e-02,-1.353639829903841019e-02,2.784929051995277405e-02,7.057737112045288086e-01,4.478139877319335938e-01,1.181104481220245361e-01,5.844386816024780273e-01,2.126245051622390747e-01,7.025898098945617676e-01,4.991039037704467773e-01,3.518352508544921875e-01
-1.231310702860355377e-02,2.199463397264480591e-01,2.522872388362884521e-01,-6.282230373471975327e-03,-1.737992838025093079e-02,1.151491850614547729e-01,-1.862911321222782135e-02,-8.638809435069561005e-03,2.614914774894714355e-01,1.480533778667449951e-01,1.571999192237854004e-01,2.887491881847381592e-01,-1.728661707602441311e-03,3.176902830600738525e-01,2.634863853454589844e-01,5.251016467809677124e-02
-1.230756044387817383e-01,1.169529438018798828e+00,1.780543684959411621e+00,-9.145188331604003906e-02,-1.469562053680419922e-01,1.312827616930007935e-01,-1.418412327766418457e-01,-1.294959932565689087e-01,1.341807365417480469e+00,7.036476135253906250e-01,7.011448144912719727e-01,1.795806050300598145e+00,-7.972642779350280762e-02,1.608978629112243652e+00,1.555008292198181152e+00,-4.855072125792503357e-02
-1.009105443954467773e-01,8.680776357650756836e-01,1.420570015907287598e+00,-7.433380931615829468e-02,-1.189922317862510681e-01,1.920801550149917603e-01,-1.163637638092041016e-01,-1.057635769248008728e-01,1.057019948959350586e+00,4.946474730968475342e-01,6.020883321762084961e-01,1.419594526290893555e+00,-6.606715172529220581e-02,1.250794887542724609e+00,1.236356139183044434e+00,-4.368810728192329407e-02
1.247407123446464539e-01,7.039901614189147949e-01,4.492102563381195068e-01,2.703886032104492188e-01,-2.546323696151375771e-03,-3.183338418602943420e-02,6.720567122101783752e-03,1.682565361261367798e-01,6.910686492919921875e-01,5.612927079200744629e-01,4.711311310529708862e-03,5.171135067939758301e-01,3.182717263698577881e-01,6.996959447860717773e-01,4.447646141052246094e-01,4.576233029365539551e-01
-2.775274030864238739e-02,8.738783001899719238e-01,8.394829630851745605e-01,-4.204139579087495804e-03,-4.531287029385566711e-02,-1.571317203342914581e-02,-4.247903451323509216e-02,-2.786447480320930481e-02,9.330351948738098145e-01,5.937275886535644531e-01,2.154539078474044800e-01,9.048810601234436035e-01,-1.913746120408177376e-03,9.834856986999511719e-01,7.760252356529235840e-01,1.765882670879364014e-01
2.216218411922454834e-02,1.525145918130874634e-01,1.393807828426361084e-01,7.164207845926284790e-02,-3.269093576818704605e-03,9.227271378040313721e-02,-4.710210952907800674e-03,5.842723324894905090e-02,1.827252209186553955e-01,1.217035278677940369e-01,1.196939200162887573e-01,1.687726527452468872e-01,1.053179800510406494e-01,2.244476228952407837e-01,1.598673760890960693e-01,1.575747281312942505e-01
-9.980634786188602448e-03,1.041163057088851929e-01,2.281454503536224365e-01,-1.416285755112767220e-03,-1.575501635670661926e-02,2.214169651269912720e-01,-1.877606287598609924e-02,-9.388697333633899689e-03,1.998454630374908447e-01,3.430360555648803711e-02,2.028492987155914307e-01,2.404794991016387939e-01,-1.345023862086236477e-03,2.370986342430114746e-01,2.210158705711364746e-01,2.717439085245132446e-02
1.242119725793600082e-02,6.578664481639862061e-02,6.489378213882446289e-02,3.572687134146690369e-02,-3.279957221820950508e-03,1.973530501127243042e-01,-6.043826695531606674e-03,5.322602018713951111e-02,7.057772576808929443e-02,5.828683823347091675e-02,1.492124497890472412e-01,9.784121811389923096e-02,7.727041840553283691e-02,1.433438658714294434e-01,1.071898788213729858e-01,1.288067996501922607e-01
-2.701391093432903290e-02,1.443775892257690430e-01,2.735014557838439941e-01,-2.394138090312480927e-02,-3.134298324584960938e-02,2.554500401020050049e-01,-3.346034139394760132e-02,-2.268284372985363007e-02,1.759314239025115967e-01,8.836419880390167236e-02,2.641717195510864258e-01,2.994061112403869629e-01,-1.712088100612163544e-02,2.799357771873474121e-01,2.971030175685882568e-01,-9.536739438772201538e-03
-2.659378759562969208e-02,1.431794017553329468e-01,2.936810851097106934e-01,-1.945005171000957489e-02,-3.205924108624458313e-02,3.060812950134277344e-01,-3.534797951579093933e-02,-2.497357688844203949e-02,1.992825269699096680e-01,6.257782876491546631e-02,3.065841794013977051e-01,3.171007633209228516e-01,-1.590818911790847778e-02,2.873175144195556641e-01,3.093309998512268066e-01,-8.329543285071849823e-03
-1.386453397572040558e-02,1.598503440618515015e-01,2.051858305931091309e-01,-1.121247094124555588e-02,-1.817154325544834137e-02,1.666655540466308594e-01,-1.962355338037014008e-02,-9.230725467205047607e-03,1.725988537073135376e-01,1.189018562436103821e-01,1.884994953870773315e-01,2.336500883102416992e-01,-4.387709777802228928e-03,2.593607306480407715e-01,2.335504591464996338e-01,2.096455544233322144e-02
-8.119288831949234009e-03,4.159354567527770996e-01,3.556804955005645752e-01,-1.101507688872516155e-03,-1.870033517479896545e-02,1.057880371809005737e-02,-1.840387098491191864e-02,-3.854351118206977844e-03,4.007665514945983887e-01,3.263418674468994141e-01,1.526757031679153442e-01,4.068291783332824707e-01,6.486479938030242920e-02,4.877412319183349609e-01,3.734719753265380859e-01,1.878222823143005371e-01
-2.784357033669948578e-02,4.680956900119781494e-02,2.351138591766357422e-01,-2.442470006644725800e-02,-3.216219320893287659e-02,3.812330663204193115e-01,-3.603190928697586060e-02,-2.517902851104736328e-02,8.188199251890182495e-02,4.100687801837921143e-03,3.505261242389678955e-01,2.491011917591094971e-01,-1.753804832696914673e-02,2.060231864452362061e-01,2.618835270404815674e-01,-1.238461956381797791e-02
-1.010742783546447754e-01,-2.016461640596389771e-02,5.564528703689575195e-01,-9.057181328535079956e-02,-9.953128546476364136e-02,1.024792671203613281e+00,-1.090094223618507385e-01,-1.033482551574707031e-01,-1.389682292938232422e-03,-3.430689871311187744e-02,8.390972614288330078e-01,5.112898349761962891e-01,-8.996607363224029541e-02,1.925140768289566040e-01,5.338863730430603027e-01,-8.751031756401062012e-02
-1.067578345537185669e-01,-7.914723828434944153e-03,6.149569749832153320e-01,-1.017697006464004517e-01,-1.040378361940383911e-01,8.707928061485290527e-01,-1.104132905602455139e-01,-1.046402379870414734e-01,4.986785352230072021e-02,-2.018259838223457336e-02,7.766518592834472656e-01,5.778447389602661133e-01,-9.349782764911651611e-02,2.873109579086303711e-01,6.002487540245056152e-01,-8.828555792570114136e-02
-8.689504116773605347e-02,-6.142549216747283936e-03,5.620424747467041016e-01,-7.632973045110702515e-02,-8.866719901561737061e-02,8.615608215332031250e-01,-9.624850004911422729e-02,-8.820071071386337280e-02,7.594592869281768799e-02,-1.985100470483303070e-02,7.539143562316894531e-01,5.347055196762084961e-01,-7.345106452703475952e-02,2.827970981597900391e-01,5.451405644416809082e-01,-6.828280538320541382e-02
-1.038663759827613831e-01,-1.209264434874057770e-02,5.966190695762634277e-01,-9.579704701900482178e-02,-1.023661717772483826e-01,9.502343535423278809e-01,-1.104414463043212891e-01,-1.043062806129455566e-01,2.949929237365722656e-02,-2.554516494274139404e-02,8.219256401062011719e-01,5.580655336380004883e-01,-9.118733555078506470e-02,2.550842761993408203e-01,5.812211036682128906e-01,-8.684378117322921753e-02
-2.128440700471401215e-02,-6.759639363735914230e-03,1.595040410757064819e-01,-1.269071549177169800e-02,-2.419535629451274872e-02,4.723604619503021240e-01,-3.029643930494785309e-02,-2.194092981517314911e-02,3.490836918354034424e-02,-1.266381144523620605e-02,3.219034373760223389e-01,1.605314910411834717e-01,-1.430041063576936722e-02,9.867338836193084717e-02,1.700076907873153687e-01,-1.149109657853841782e-02
1.229533776640892029e-01,3.147194385528564453e-01,2.262043952941894531e-01,2.479820102453231812e-01,1.843545027077198029e-02,5.878817290067672729e-03,6.133202463388442993e-03,1.374539285898208618e-01,3.612209856510162354e-01,2.227212488651275635e-01,8.580680936574935913e-02,2.719841897487640381e-01,2.433049082756042480e-01,3.707188367843627930e-01,2.321099191904067993e-01,3.117406368255615234e-01
-1.409152988344430923e-03,6.572131514549255371e-01,5.336617231369018555e-01,1.898766905069351196e-01,-1.702589355409145355e-02,-1.010996010154485703e-02,-1.627546921372413635e-02,-7.961247465573251247e-04,6.922996640205383301e-01,4.570895731449127197e-01,1.437719315290451050e-01,5.958510041236877441e-01,1.797826141119003296e-01,7.091062068939208984e-01,5.195511579513549805e-01,3.186261951923370361e-01
-4.756594076752662659e-02,5.978513956069946289e-01,6.960856914520263672e-01,-3.517178073525428772e-02,-5.702694877982139587e-02,5.500562861561775208e-02,-5.561627820134162903e-02,-4.396395012736320496e-02,6.362367272377014160e-01,3.953715860843658447e-01,2.975203394889831543e-01,7.502994537353515625e-01,-2.677568793296813965e-02,7.456874847412109375e-01,6.700109243392944336e-01,-1.158345304429531097e-02
1.940032094717025757e-02,7.206174731254577637e-01,5.541284680366516113e-01,2.206086814403533936e-01,-1.471722312271595001e-02,-1.851088926196098328e-02,-1.293971389532089233e-02,3.797466680407524109e-02,7.533962726593017578e-01,5.163063406944274902e-01,9.967033565044403076e-02,6.206442117691040039e-01,2.215728908777236938e-01,7.635040283203125000e-01,5.342462658882141113e-01,3.653881549835205078e-01
-6.474730372428894043e-02,9.067394137382507324e-01,1.020873308181762695e+00,-4.565276578068733215e-02,-8.035925030708312988e-02,-2.152585657313466072e-03,-7.721781730651855469e-02,-6.267755478620529175e-02,9.487455487251281738e-01,6.068291068077087402e-01,3.867291808128356934e-01,1.087117433547973633e+00,-3.622609004378318787e-02,1.083294034004211426e+00,9.613218307495117188e-01,-1.382821518927812576e-02
-4.336797073483467102e-02,7.107708454132080078e-01,7.776839137077331543e-01,-2.653660438954830170e-02,-5.601409077644348145e-02,-5.224999040365219116e-04,-5.422032997012138367e-02,-4.131653532385826111e-02,7.535184025764465332e-01,4.765941202640533447e-01,2.980971932411193848e-01,8.343473672866821289e-01,-1.999030075967311859e-02,8.513692021369934082e-01,7.370505332946777344e-01,-3.118737833574414253e-03
-3.798634512349963188e-03,7.703366279602050781e-01,6.401598453521728516e-01,1.951599419116973877e-01,-2.204635553061962128e-02,-1.667552255094051361e-02,-2.063715457916259766e-02,-4.108836408704519272e-03,8.243166208267211914e-01,5.330173373222351074e-01,1.496586948633193970e-01,7.118629217147827148e-01,1.887731254100799561e-01,8.355982303619384766e-01,6.031973958015441895e-01,3.413192629814147949e-01
7.022254914045333862e-02,5.379492044448852539e-01,4.028508365154266357e-01,2.286543101072311401e-01,-6.459142547100782394e-03,-1.219651103019714355e-02,-5.699525121599435806e-03,8.959615230560302734e-02,5.740271806716918945e-01,3.926035165786743164e-01,7.890432327985763550e-02,4.554424285888671875e-01,2.248774170875549316e-01,5.818406343460083008e-01,3.945166468620300293e-01,3.389891386032104492e-01
-3.307799622416496277e-02,8.646283149719238281e-01,8.399347662925720215e-01,-1.369680371135473251e-02,-5.091509222984313965e-02,-1.179100107401609421e-02,-4.810381308197975159e-02,-3.160855174064636230e-02,8.837088346481323242e-01,6.075916886329650879e-01,2.643243372440338135e-01,9.099131822586059570e-01,-7.149399723857641220e-03,9.789662361145019531e-01,7.977157235145568848e-01,1.307661533355712891e-01
-1.899023912847042084e-02,6.827490329742431641e-01,7.018248438835144043e-01,3.986969217658042908e-02,-3.577711805701255798e-02,-3.586617531254887581e-03,-3.509460017085075378e-02,-2.059424296021461487e-02,7.659956812858581543e-01,4.465819597244262695e-01,2.389824539422988892e-01,7.484132647514343262e-01,2.995508536696434021e-02,8.069825768470764160e-01,6.489555239677429199e-01,1.852305531501770020e-01
-2.792864739894866943e-01,1.450533270835876465e+00,3.165563106536865234e+00,-2.266227453947067261e-01,-3.126133382320404053e-01,6.369685530662536621e-01,-3.067146241664886475e-01,-3.008922636508941650e-01,1.899605512619018555e+00,7.238931059837341309e-01,1.704141855239868164e+00,3.061928510665893555e+00,-2.110441178083419800e-01,2.416637420654296875e+00,2.753193616867065430e+00,-1.684111207723617554e-01
-2.338052541017532349e-01,1.329936146736145020e+00,2.755733489990234375e+00,-1.868009269237518311e-01,-2.657755911350250244e-01,5.216978192329406738e-01,-2.606710791587829590e-01,-2.515181005001068115e-01,1.707835555076599121e+00,6.961957812309265137e-01,1.457073330879211426e+00,2.674624681472778320e+00,-1.745440810918807983e-01,2.159137487411499023e+00,2.404112577438354492e+00,-1.340713351964950562e-01
-2.760165333747863770e-01,1.303737282752990723e+00,3.086150407791137695e+00,-2.195304632186889648e-01,-3.085834681987762451e-01,7.998203635215759277e-01,-3.058829605579376221e-01,-3.006273210048675537e-01,1.813154458999633789e+00,5.728219151496887207e-01,1.754219889640808105e+00,2.969422578811645508e+00,-2.115436643362045288e-01,2.287098407745361328e+00,2.668322563171386719e+00,-1.719256788492202759e-01
-2.439492195844650269e-01,1.244791984558105469e+00,2.775093555450439453e+00,-1.954398751258850098e-01,-2.736884057521820068e-01,6.217390894889831543e-01,-2.698206603527069092e-01,-2.637393474578857422e-01,1.670646190643310547e+00,6.001048088073730469e-01,1.524745583534240723e+00,2.676258087158203125e+00,-1.841258257627487183e-01,2.108852624893188477e+00,2.407582044601440430e+00,-1.470190584659576416e-01
-2.408054322004318237e-01,1.114439725875854492e+00,2.686487674713134766e+00,-1.924936622381210327e-01,-2.696526348590850830e-01,7.407355904579162598e-01,-2.676684558391571045e-01,-2.613180577754974365e-01,1.556393861770629883e+00,4.905244410037994385e-01,1.555463194847106934e+00,2.584139108657836914e+00,-1.836663335561752319e-01,1.989406585693359375e+00,2.328011751174926758e+00,-1.491917222738265991e-01
-2.456219047307968140e-01,1.402561187744140625e+00,2.895564794540405273e+00,-1.948270648717880249e-01,-2.776742875576019287e-01,5.181819200515747070e-01,-2.722094058990478516e-01,-2.652004659175872803e-01,1.811940789222717285e+00,7.262716293334960938e-01,1.510492801666259766e+00,2.810577392578125000e+00,-1.825105845928192139e-01,2.254495859146118164e+00,2.516982078552246094e+00,-1.421581655740737915e-01
-6.490727420896291733e-03,4.281350374221801758e-01,4.310491085052490234e-01,9.422751516103744507e-02,-1.897374540567398071e-02,4.626540467143058777e-02,-1.976210437715053558e-02,-6.586836185306310654e-03,4.891042113304138184e-01,2.850427031517028809e-01,1.933703571557998657e-01,4.675015211105346680e-01,9.241178631782531738e-02,5.280259251594543457e-01,4.128694534301757812e-01,2.012799084186553955e-01
-1.438500639051198959e-02,7.541424781084060669e-02,2.089577168226242065e-01,-5.945309065282344818e-03,-1.846322230994701385e-02,2.454104423522949219e-01,-2.176783606410026550e-02,-1.370903383940458298e-02,1.703565716743469238e-01,9.899847209453582764e-03,2.396522462368011475e-01,2.193668782711029053e-01,-5.549319554120302200e-03,2.038768231868743896e-01,2.138251960277557373e-01,-2.414678921923041344e-03
-2.556109428405761719e-01,1.354600906372070312e+00,2.885288238525390625e+00,-2.102274745702743530e-01,-2.836747467517852783e-01,4.905155599117279053e-01,-2.773182392120361328e-01,-2.726335227489471436e-01,1.760265469551086426e+00,7.091897726058959961e-01,1.497073531150817871e+00,2.791105508804321289e+00,-1.944851577281951904e-01,2.217575073242187500e+00,2.511872053146362305e+00,-1.548545062541961670e-01
-4.189551994204521179e-02,3.135818988084793091e-02,3.849547505378723145e-01,-3.315688669681549072e-02,-4.699631035327911377e-02,4.559903442859649658e-01,-5.129128322005271912e-02,-4.309842362999916077e-02,1.481284052133560181e-01,-5.013813730329275131e-03,4.485375285148620605e-01,3.678952455520629883e-01,-3.068105876445770264e-02,2.577093839645385742e-01,3.659080266952514648e-01,-2.577251754701137543e-02
-2.122128941118717194e-02,5.211414694786071777e-01,5.467239022254943848e-01,-8.369647897779941559e-03,-3.266948461532592773e-02,-4.843467380851507187e-03,-3.126317262649536133e-02,-1.968240551650524139e-02,5.640825629234313965e-01,3.762086331844329834e-01,1.854829341173171997e-01,5.897767543792724609e-01,-3.064227523282170296e-03,6.365494728088378906e-01,5.211104154586791992e-01,1.112171486020088196e-01
-5.981912091374397278e-02,5.504965782165527344e-01,8.891319632530212402e-01,-3.909064829349517822e-02,-7.430821657180786133e-02,2.322153598070144653e-01,-7.489550113677978516e-02,-6.418886035680770874e-02,6.876779794692993164e-01,2.970316112041473389e-01,4.717033207416534424e-01,9.019197225570678711e-01,-3.665430098772048950e-02,8.139044642448425293e-01,8.045353889465332031e-01,-2.124571241438388824e-02
-3.529355302453041077e-02,8.701542019844055176e-01,9.397995471954345703e-01,-8.441253565251827240e-03,-5.546495318412780762e-02,-6.852513644844293594e-03,-5.357482656836509705e-02,-3.753776475787162781e-02,9.588209390640258789e-01,5.715786814689636230e-01,3.270547986030578613e-01,9.885805249214172363e-01,-6.964031141251325607e-03,1.033026099205017090e+00,8.604726195335388184e-01,1.209806725382804871e-01
1.018183585256338120e-02,4.562597274780273438e-01,3.827734887599945068e-01,1.632736623287200928e-01,-1.097357086837291718e-02,-2.250431105494499207e-03,-1.111679058521986008e-02,2.482335641980171204e-02,4.969459176063537598e-01,3.169294595718383789e-01,1.322120130062103271e-01,4.301163554191589355e-01,1.660612374544143677e-01,5.252797007560729980e-01,3.797637224197387695e-01,2.654361128807067871e-01
-2.410108149051666260e-01,1.297776818275451660e+00,2.746219396591186523e+00,-1.969357430934906006e-01,-2.693189382553100586e-01,5.006409287452697754e-01,-2.636067271232604980e-01,-2.575184106826782227e-01,1.678870677947998047e+00,6.755452156066894531e-01,1.442914009094238281e+00,2.665829896926879883e+00,-1.818675845861434937e-01,2.125913619995117188e+00,2.395640850067138672e+00,-1.435036808252334595e-01
-2.385094910860061646e-01,1.320812225341796875e+00,2.749490976333618164e+00,-1.927455067634582520e-01,-2.677870392799377441e-01,4.987079203128814697e-01,-2.624244987964630127e-01,-2.558285892009735107e-01,1.709986090660095215e+00,6.833622455596923828e-01,1.435368776321411133e+00,2.672125577926635742e+00,-1.786004751920700073e-01,2.139631032943725586e+00,2.399959564208984375e+00,-1.406245976686477661e-01
-1.081269141286611557e-02,8.807119727134704590e-01,7.246561050415039062e-01,1.057213768362998962e-01,-2.829504944384098053e-02,-2.695943228900432587e-02,-2.473287656903266907e-02,-8.713585324585437775e-03,9.049683809280395508e-01,6.351326107978820801e-01,1.147932708263397217e-01,8.025867342948913574e-01,1.423865705728530884e-01,9.363715052604675293e-01,6.898429989814758301e-01,3.193717002868652344e-01
-2.332656234502792358e-01,1.261796712875366211e+00,2.668245077133178711e+00,-1.873597949743270874e-01,-2.620362937450408936e-01,5.516497492790222168e-01,-2.577884495258331299e-01,-2.507487237453460693e-01,1.639420151710510254e+00,6.397967338562011719e-01,1.447926759719848633e+00,2.597027778625488281e+00,-1.750358194112777710e-01,2.072646617889404297e+00,2.329817771911621094e+00,-1.377586573362350464e-01
-2.380534857511520386e-01,1.295601725578308105e+00,2.769002437591552734e+00,-1.894916743040084839e-01,-2.686763405799865723e-01,5.620601177215576172e-01,-2.642858922481536865e-01,-2.570035755634307861e-01,1.699440598487854004e+00,6.538087129592895508e-01,1.487067580223083496e+00,2.685178041458129883e+00,-1.786177307367324829e-01,2.136690855026245117e+00,2.410297155380249023e+00,-1.396623551845550537e-01
-2.645210027694702148e-01,1.435779452323913574e+00,3.044407129287719727e+00,-2.108589708805084229e-01,-2.974122464656829834e-01,6.178978085517883301e-01,-2.923318147659301758e-01,-2.855561673641204834e-01,1.868635773658752441e+00,7.213410735130310059e-01,1.637333631515502930e+00,2.951294660568237305e+00,-1.987988203763961792e-01,2.347180128097534180e+00,2.648592948913574219e+00,-1.563468426465988159e-01
-1.402579713612794876e-02,3.006246089935302734e-01,3.423189520835876465e-01,-6.074719596654176712e-03,-2.233166992664337158e-02,8.522212505340576172e-02,-2.294143103063106537e-02,-1.113440841436386108e-02,3.423998951911926270e-01,2.146990001201629639e-01,2.019474357366561890e-01,3.722040951251983643e-01,-7.533926400355994701e-04,4.075626134872436523e-01,3.449862003326416016e-01,7.709170132875442505e-02
-7.777041196823120117e-02,7.408722043037414551e-01,1.057525038719177246e+00,-5.793935060501098633e-02,-9.223010390996932983e-02,1.560606062412261963e-01,-9.074997901916503906e-02,-7.925295829772949219e-02,8.401150703430175781e-01,4.481931626796722412e-01,5.118774175643920898e-01,1.091651320457458496e+00,-5.013974383473396301e-02,9.989240169525146484e-01,9.732785224914550781e-01,-3.058605827391147614e-02
-3.802753239870071411e-02,9.671551585197448730e-01,9.807507991790771484e-01,-1.303062867373228073e-02,-5.889821797609329224e-02,-1.382586639374494553e-02,-5.568182095885276794e-02,-3.862189874053001404e-02,1.012031435966491699e+00,6.689451932907104492e-01,3.179252147674560547e-01,1.038003563880920410e+00,-8.058331906795501709e-03,1.106317162513732910e+00,9.144472479820251465e-01,1.355145275592803955e-01
-2.302068471908569336e-01,1.464117765426635742e+00,2.736094474792480469e+00,-1.858130246400833130e-01,-2.590312659740447998e-01,3.004169762134552002e-01,-2.511732280254364014e-01,-2.437908947467803955e-01,1.795250415802001953e+00,8.334228396415710449e-01,1.333031177520751953e+00,2.683495283126831055e+00,-1.687163412570953369e-01,2.220805406570434570e+00,2.401087284088134766e+00,-1.283638626337051392e-01
-2.537575960159301758e-01,1.341376066207885742e+00,2.909772157669067383e+00,-2.045031338930130005e-01,-2.849448025226593018e-01,5.774948596954345703e-01,-2.797168195247650146e-01,-2.738855183124542236e-01,1.763473391532897949e+00,6.735495328903198242e-01,1.558457851409912109e+00,2.813724994659423828e+00,-1.912174820899963379e-01,2.227929115295410156e+00,2.528658390045166016e+00,-1.514086425304412842e-01
-4.670085851103067398e-03,1.511871218681335449e-01,2.292510718107223511e-01,3.936507925391197205e-02,-1.216834224760532379e-02,1.513963341712951660e-01,-1.444013137370347977e-02,-4.383112769573926926e-03,2.183179259300231934e-01,9.671049565076828003e-02,1.904406994581222534e-01,2.444274723529815674e-01,5.566824600100517273e-02,2.681704461574554443e-01,2.281231582164764404e-01,1.184303537011146545e-01
-2.780096828937530518e-01,1.561596035957336426e+00,3.226314783096313477e+00,-2.233518660068511963e-01,-3.122826814651489258e-01,5.334093570709228516e-01,-3.054008483886718750e-01,-2.997933924198150635e-01,2.010864496231079102e+00,8.132164478302001953e-01,1.667785763740539551e+00,3.131341934204101562e+00,-2.082741707563400269e-01,2.508531808853149414e+00,2.802809715270996094e+00,-1.636448651552200317e-01
7.341505587100982666e-02,3.262813687324523926e-01,2.621420323848724365e-01,1.615887433290481567e-01,-3.641491523012518883e-03,-2.628760412335395813e-03,-3.522451967000961304e-03,9.202031791210174561e-02,3.419305980205535889e-01,2.601189911365509033e-01,9.520480036735534668e-02,2.937469482421875000e-01,1.981012821197509766e-01,3.906434178352355957e-01,2.704774141311645508e-01,2.941411733627319336e-01
-2.252675741910934448e-01,1.233054280281066895e+00,2.556648492813110352e+00,-1.833191066980361938e-01,-2.511389553546905518e-01,4.877870380878448486e-01,-2.459266930818557739e-01,-2.392544299364089966e-01,1.575760364532470703e+00,6.423619389533996582e-01,1.347288966178894043e+00,2.491490125656127930e+00,-1.692747920751571655e-01,1.996863245964050293e+00,2.242932081222534180e+00,-1.329068541526794434e-01
-2.586880028247833252e-01,1.350805640220642090e+00,2.977926015853881836e+00,-2.056199759244918823e-01,-2.915888130664825439e-01,6.626861095428466797e-01,-2.874643504619598389e-01,-2.807300090789794922e-01,1.797775506973266602e+00,6.510143280029296875e-01,1.631482362747192383e+00,2.882470369338989258e+00,-1.939091086387634277e-01,2.273869752883911133e+00,2.583245992660522461e+00,-1.542350202798843384e-01
-2.514824569225311279e-01,1.193273186683654785e+00,2.785058259963989258e+00,-2.019544690847396851e-01,-2.799935042858123779e-01,7.192762494087219238e-01,-2.772591114044189453e-01,-2.723414599895477295e-01,1.637754917144775391e+00,5.344735980033874512e-01,1.577612757682800293e+00,2.687389373779296875e+00,-1.915386170148849487e-01,2.083031892776489258e+00,2.418311834335327148e+00,-1.554948836565017700e-01
-2.356535987928509712e-03,1.330630481243133545e-02,1.155384182929992676e-01,7.040380686521530151e-02,-7.974087260663509369e-03,3.162159323692321777e-01,-1.270047016441822052e-02,-2.633366500958800316e-03,9.118509292602539062e-02,-3.738401224836707115e-03,2.211466878652572632e-01,1.345976591110229492e-01,4.388710483908653259e-02,1.341404020786285400e-01,1.325771361589431763e-01,8.194688707590103149e-02
-2.478754967451095581e-01,1.304774045944213867e+00,2.864241600036621094e+00,-1.965844780206680298e-01,-2.803359925746917725e-01,6.399067640304565430e-01,-2.765185534954071045e-01,-2.688370645046234131e-01,1.738077998161315918e+00,6.322505474090576172e-01,1.579613566398620605e+00,2.765504837036132812e+00,-1.867641806602478027e-01,2.186667203903198242e+00,2.488188266754150391e+00,-1.479008048772811890e-01
-2.724016904830932617e-01,1.421467661857604980e+00,3.117469549179077148e+00,-2.196664363145828247e-01,-3.059898614883422852e-01,6.269704103469848633e-01,-3.004707694053649902e-01,-2.940659224987030029e-01,1.875377893447875977e+00,7.108904719352722168e-01,1.677196264266967773e+00,3.009385824203491211e+00,-2.061649560928344727e-01,2.377048015594482422e+00,2.706990242004394531e+00,-1.633660197257995605e-01
-2.549110949039459229e-01,1.465193033218383789e+00,3.003215789794921875e+00,-2.046601623296737671e-01,-2.882593572139739990e-01,4.775247275829315186e-01,-2.816595733165740967e-01,-2.748263180255889893e-01,1.878040909767150879e+00,7.821181416511535645e-01,1.546790838241577148e+00,2.912162542343139648e+00,-1.904983371496200562e-01,2.346723794937133789e+00,2.609036207199096680e+00,-1.476318985223770142e-01
-4.007563367486000061e-02,7.920273542404174805e-01,8.620612025260925293e-01,-2.012010477483272552e-02,-5.637701973319053650e-02,-8.516008965671062469e-03,-5.364097282290458679e-02,-3.955804184079170227e-02,8.482961058616638184e-01,5.460841059684753418e-01,2.920739650726318359e-01,9.085515737533569336e-01,-1.451688725501298904e-02,9.437717199325561523e-01,8.040596842765808105e-01,5.127424746751785278e-02
-3.450603038072586060e-02,-2.440091921016573906e-03,2.875592112541198730e-01,-2.478671260178089142e-02,-3.877153620123863220e-02,5.269057154655456543e-01,-4.472837597131729126e-02,-3.590997681021690369e-02,9.047945588827133179e-02,-1.091812085360288620e-02,4.151584506034851074e-01,2.841544747352600098e-01,-2.437761612236499786e-02,1.852339357137680054e-01,2.798584103584289551e-01,-2.079476229846477509e-02
-3.172838315367698669e-02,4.690037369728088379e-01,5.499817132949829102e-01,-2.486697584390640259e-02,-4.112213104963302612e-02,2.693267911672592163e-02,-4.000344499945640564e-02,-2.826117910444736481e-02,5.051838755607604980e-01,3.309700787067413330e-01,2.028094977140426636e-01,5.965492725372314453e-01,-1.363823842257261276e-02,6.182131171226501465e-01,5.187959671020507812e-01,-1.478403108194470406e-03
-4.241583123803138733e-02,5.842514038085937500e-01,7.124879956245422363e-01,-2.815216220915317535e-02,-5.448005720973014832e-02,7.883091270923614502e-02,-5.401479825377464294e-02,-4.279373586177825928e-02,6.486253738403320312e-01,3.716972768306732178e-01,2.886201441287994385e-01,7.582808732986450195e-01,-2.092369645833969116e-02,7.506600022315979004e-01,6.637814044952392578e-01,-5.586703773587942123e-03
-6.464647501707077026e-02,5.243704319000244141e-01,8.257216215133666992e-01,-4.936307296156883240e-02,-7.548666000366210938e-02,2.345893234014511108e-01,-7.603508979082107544e-02,-6.593600660562515259e-02,6.380717158317565918e-01,2.902981936931610107e-01,4.373642504215240479e-01,8.520206212997436523e-01,-4.212502762675285339e-02,7.639294862747192383e-01,7.531000971794128418e-01,-2.814264036715030670e-02
-5.809701234102249146e-02,5.213968753814697266e-01,7.629153132438659668e-01,-4.569967836141586304e-02,-6.813588738441467285e-02,1.755124032497406006e-01,-6.800150126218795776e-02,-5.751747637987136841e-02,6.029506921768188477e-01,3.161764144897460938e-01,3.712058961391448975e-01,7.984318137168884277e-01,-3.762139752507209778e-02,7.392217516899108887e-01,7.008188366889953613e-01,-2.237185649573802948e-02
-4.587556421756744385e-02,6.331788897514343262e-01,7.570838928222656250e-01,-3.150437399744987488e-02,-5.789250135421752930e-02,4.455885291099548340e-02,-5.676021054387092590e-02,-4.483710974454879761e-02,6.872804164886474609e-01,4.198602139949798584e-01,2.973513007164001465e-01,8.078365921974182129e-01,-2.318560145795345306e-02,8.027584552764892578e-01,7.053146958351135254e-01,-6.319189909845590591e-03
-3.100958466529846191e-02,6.461953520774841309e-01,6.952961683273315430e-01,-1.530074607580900192e-02,-4.568874463438987732e-02,3.949996083974838257e-03,-4.477474093437194824e-02,-3.091193176805973053e-02,6.923314332962036133e-01,4.343666136264801025e-01,2.541737258434295654e-01,7.482364177703857422e-01,-9.091861546039581299e-03,7.883332967758178711e-01,6.539458036422729492e-01,7.151942700147628784e-02
-5.626900121569633484e-02,5.430598855018615723e-01,8.220083713531494141e-01,-3.807296976447105408e-02,-7.019775360822677612e-02,2.493823319673538208e-01,-7.147622853517532349e-02,-5.899399518966674805e-02,6.533370018005371094e-01,3.008675873279571533e-01,4.408090412616729736e-01,8.564704060554504395e-01,-3.423837199807167053e-02,7.836986184120178223e-01,7.480133771896362305e-01,-1.815839484333992004e-02
-3.644102439284324646e-02,9.733245372772216797e-01,9.502565264701843262e-01,-1.241304632276296616e-02,-5.592293292284011841e-02,-1.450428552925586700e-02,-5.255103111267089844e-02,-3.579656779766082764e-02,1.006120920181274414e+00,6.687413454055786133e-01,2.600722908973693848e-01,1.032543063163757324e+00,-7.669345941394567490e-03,1.104127287864685059e+00,8.837122321128845215e-01,1.528034806251525879e-01
-2.950347401201725006e-02,6.888289004564285278e-02,2.500037550926208496e-01,-2.379655465483665466e-02,-3.361488133668899536e-02,3.863781988620758057e-01,-3.772068768739700317e-02,-2.772913686931133270e-02,1.196965500712394714e-01,4.890084266662597656e-03,3.368644118309020996e-01,2.729525864124298096e-01,-2.000708505511283875e-02,2.216567695140838623e-01,2.747346162796020508e-01,-1.348404586315155029e-02
-3.330167755484580994e-02,8.244063705205917358e-02,2.889718413352966309e-01,-2.742894552648067474e-02,-3.694312274456024170e-02,3.722839951515197754e-01,-4.066542536020278931e-02,-3.076561167836189270e-02,1.506610810756683350e-01,9.292729198932647705e-03,3.323809504508972168e-01,3.066618442535400391e-01,-2.350611053407192230e-02,2.485654503107070923e-01,3.030878007411956787e-01,-1.717037521302700043e-02
-2.844908274710178375e-02,2.156059443950653076e-02,2.394789010286331177e-01,-2.055019140243530273e-02,-3.251466900110244751e-02,4.349104166030883789e-01,-3.759743645787239075e-02,-2.780126966536045074e-02,1.036200523376464844e-01,-5.004146136343479156e-03,3.541793525218963623e-01,2.528622746467590332e-01,-1.961496658623218536e-02,1.901670992374420166e-01,2.577282190322875977e-01,-1.470937766134738922e-02
-1.758120255544781685e-03,5.666428804397583008e-01,4.244203865528106689e-01,1.172049567103385925e-01,-1.332522090524435043e-02,-1.382648479193449020e-02,-1.201322395354509354e-02,1.658420637249946594e-02,5.792531967163085938e-01,4.254546463489532471e-01,7.933565974235534668e-02,4.902918338775634766e-01,1.476859748363494873e-01,6.045011281967163086e-01,4.251381158828735352e-01,2.821635603904724121e-01
-4.975457862019538879e-02,-2.194107137620449066e-02,2.085715383291244507e-01,-4.618968814611434937e-02,-4.922058433294296265e-02,7.263901829719543457e-01,-5.659262463450431824e-02,-4.941196367144584656e-02,-1.244934555143117905e-02,-2.581728994846343994e-02,5.218371152877807617e-01,1.867219507694244385e-01,-4.359652847051620483e-02,2.372771501541137695e-02,2.273562997579574585e-01,-4.215880855917930603e-02
-6.646043062210083008e-02,9.499470591545104980e-01,1.119942188262939453e+00,-4.588071256875991821e-02,-8.264740556478500366e-02,-7.781450636684894562e-03,-7.833965867757797241e-02,-6.728523969650268555e-02,9.999189972877502441e-01,6.334019899368286133e-01,3.169620037078857422e-01,1.170898675918579102e+00,-3.757972642779350281e-02,1.160120248794555664e+00,1.026710033416748047e+00,-9.712373837828636169e-03
-7.189985364675521851e-02,8.740537762641906738e-01,1.175849080085754395e+00,-4.307121783494949341e-02,-8.928412199020385742e-02,1.031008511781692505e-01,-8.783530443906784058e-02,-7.696875184774398804e-02,1.020749092102050781e+00,5.037716627120971680e-01,4.177305102348327637e-01,1.205632090568542480e+00,-4.364481940865516663e-02,1.130170345306396484e+00,1.058318853378295898e+00,-1.879039965569972992e-02
-1.983164623379707336e-02,2.641144990921020508e-01,3.578151464462280273e-01,-1.254431065171957016e-02,-2.641128934919834137e-02,1.460786163806915283e-01,-2.723575942218303680e-02,-1.640421710908412933e-02,3.067611157894134521e-01,1.710073202848434448e-01,2.159363776445388794e-01,3.826901614665985107e-01,-6.804798729717731476e-03,3.969637155532836914e-01,3.538550734519958496e-01,6.458364427089691162e-03
-6.881527602672576904e-02,9.906776547431945801e-01,1.179447889328002930e+00,-4.630477353930473328e-02,-8.598234504461288452e-02,-8.226618170738220215e-03,-8.140303194522857666e-02,-6.941878050565719604e-02,1.060457944869995117e+00,6.527531147003173828e-01,3.231412470340728760e-01,1.224350810050964355e+00,-3.935948386788368225e-02,1.210601091384887695e+00,1.073933243751525879e+00,-1.127241831272840500e-02
-5.846977978944778442e-02,1.068416476249694824e+00,1.210783720016479492e+00,-2.981124632060527802e-02,-7.994795590639114380e-02,-1.001964509487152100e-02,-7.579858601093292236e-02,-6.206902489066123962e-02,1.147528052330017090e+00,6.957709193229675293e-01,3.276020884513854980e-01,1.266192674636840820e+00,-2.652171067893505096e-02,1.276880383491516113e+00,1.098673224449157715e+00,2.643961459398269653e-02
-7.760723680257797241e-02,7.622572779655456543e-01,1.079384088516235352e+00,-5.858974531292915344e-02,-9.093169867992401123e-02,1.152457296848297119e-01,-8.871552348136901855e-02,-7.959129661321640015e-02,8.529249429702758789e-01,4.627846181392669678e-01,4.052295982837677002e-01,1.113805532455444336e+00,-5.116951465606689453e-02,1.030086874961853027e+00,9.817147254943847656e-01,-2.679133228957653046e-02
-7.574753463268280029e-02,8.565626144409179688e-01,1.159583449363708496e+00,-5.299191549420356750e-02,-9.277928620576858521e-02,1.014143377542495728e-01,-9.039740264415740967e-02,-7.915144413709640503e-02,9.471739530563354492e-01,5.244834423065185547e-01,4.241632819175720215e-01,1.195075392723083496e+00,-4.768491163849830627e-02,1.127041578292846680e+00,1.053080797195434570e+00,-2.017266117036342621e-02
-7.941385358572006226e-02,9.121880531311035156e-01,1.212380528450012207e+00,-5.584052950143814087e-02,-9.693194180727005005e-02,8.319883048534393311e-02,-9.404485672712326050e-02,-8.192580193281173706e-02,1.003606557846069336e+00,5.603155493736267090e-01,4.263863563537597656e-01,1.255913019180297852e+00,-4.961355775594711304e-02,1.188165187835693359e+00,1.103028535842895508e+00,-2.156369201838970184e-02
-8.194019645452499390e-02,8.321902751922607422e-01,1.214963555335998535e+00,-5.509370565414428711e-02,-1.003681421279907227e-01,2.198346704244613647e-01,-9.947536885738372803e-02,-8.815926313400268555e-02,9.544910192489624023e-01,4.700920581817626953e-01,5.218515992164611816e-01,1.246582388877868652e+00,-5.243855714797973633e-02,1.137824654579162598e+00,1.097417235374450684e+00,-2.544156275689601898e-02
-1.620608009397983551e-02,6.966670155525207520e-01,6.039618849754333496e-01,-7.516343030147254467e-04,-3.025291301310062408e-02,-1.225780416280031204e-02,-2.812541089951992035e-02,-1.399517245590686798e-02,7.027497887611389160e-01,5.059993863105773926e-01,1.471350938081741333e-01,6.679511070251464844e-01,4.138978943228721619e-02,7.629273533821105957e-01,5.829911231994628906e-01,2.189322710037231445e-01
-6.897224485874176025e-02,6.854007840156555176e-01,1.028725862503051758e+00,-4.594082757830619812e-02,-8.461810648441314697e-02,2.219931036233901978e-01,-8.435586094856262207e-02,-7.442193478345870972e-02,8.055973052978515625e-01,3.791897594928741455e-01,4.416003823280334473e-01,1.053038120269775391e+00,-4.381033405661582947e-02,9.591996073722839355e-01,9.251925945281982422e-01,-2.071202173829078674e-02
-7.195179909467697144e-02,8.048050403594970703e-01,1.111953377723693848e+00,-4.874055832624435425e-02,-8.827667683362960815e-02,1.209740787744522095e-01,-8.648459613323211670e-02,-7.631745189428329468e-02,9.046408534049987793e-01,4.806399345397949219e-01,4.184743165969848633e-01,1.145713329315185547e+00,-4.443421959877014160e-02,1.071836709976196289e+00,1.004837512969970703e+00,-1.890672743320465088e-02
-6.933140754699707031e-02,1.003364086151123047e+00,1.201485276222229004e+00,-4.509349167346954346e-02,-8.776175230741500854e-02,-5.191395059227943420e-03,-8.371975272893905640e-02,-7.115234434604644775e-02,1.077105879783630371e+00,6.524847149848937988e-01,3.537299036979675293e-01,1.251892447471618652e+00,-3.972059860825538635e-02,1.230728983879089355e+00,1.094145894050598145e+00,-1.086237188428640366e-02
-5.418267101049423218e-03,5.288771986961364746e-01,4.264166355133056641e-01,7.373612374067306519e-02,-1.696993969380855560e-02,-6.937165744602680206e-03,-1.612250134348869324e-02,-2.594300080090761185e-03,5.370416641235351562e-01,3.879932761192321777e-01,1.211760789155960083e-01,4.866293072700500488e-01,1.144663244485855103e-01,5.827791690826416016e-01,4.261762499809265137e-01,2.414610981941223145e-01
1.044989898800849915e-01,5.100530385971069336e-01,3.572896718978881836e-01,2.696203291416168213e-01,-3.843220416456460953e-03,-7.968999445438385010e-03,-3.933645319193601608e-03,1.157509982585906982e-01,5.322296023368835449e-01,3.719533979892730713e-01,1.079088002443313599e-01,4.133855104446411133e-01,2.671867907047271729e-01,5.452864766120910645e-01,3.629425764083862305e-01,3.819869756698608398e-01
-4.644488915801048279e-02,6.882660388946533203e-01,7.858820557594299316e-01,-2.927504293620586395e-02,-5.853316187858581543e-02,4.267910867929458618e-02,-5.753234773874282837e-02,-4.467385262250900269e-02,7.399294972419738770e-01,4.504190385341644287e-01,3.038110136985778809e-01,8.436383605003356934e-01,-2.335868403315544128e-02,8.494269251823425293e-01,7.388048171997070312e-01,-6.286697927862405777e-03
-3.161778673529624939e-02,7.339220643043518066e-01,7.551447749137878418e-01,-1.124621275812387466e-02,-4.792892560362815857e-02,2.245588600635528564e-02,-4.737634956836700439e-02,-3.192966431379318237e-02,7.693126797676086426e-01,4.897784888744354248e-01,2.900820672512054443e-01,8.199343085289001465e-01,-8.376835845410823822e-03,8.675192594528198242e-01,7.134413123130798340e-01,1.049049273133277893e-01
-3.889683634042739868e-02,7.151806354522705078e-01,7.855170369148254395e-01,-1.877671293914318085e-02,-5.351562052965164185e-02,4.433245584368705750e-02,-5.284676700830459595e-02,-3.867517039179801941e-02,7.716224193572998047e-01,4.628158211708068848e-01,3.024385273456573486e-01,8.444924950599670410e-01,-1.463005412369966507e-02,8.681695461273193359e-01,7.372010946273803711e-01,1.994235068559646606e-02
-1.749010384082794189e-02,2.234269380569458008e-01,3.026068210601806641e-01,-8.084698580205440521e-03,-2.494158409535884857e-02,2.363222539424896240e-01,-2.787345089018344879e-02,-1.677414029836654663e-02,2.722965478897094727e-01,1.227397397160530090e-01,2.429291605949401855e-01,3.384941518306732178e-01,-6.296074483543634415e-03,3.429233431816101074e-01,3.112105131149291992e-01,2.633311599493026733e-02
-1.861171796917915344e-02,5.007864236831665039e-01,4.493635892868041992e-01,-9.734525345265865326e-03,-2.819708362221717834e-02,-1.371470862068235874e-03,-2.730496041476726532e-02,-1.502633001655340195e-02,4.915602803230285645e-01,3.684736788272857666e-01,1.537652313709259033e-01,5.121170282363891602e-01,-2.572343219071626663e-03,5.781083703041076660e-01,4.552085995674133301e-01,1.248670890927314758e-01
-4.110407456755638123e-02,-1.228435058146715164e-02,1.966881304979324341e-01,-3.726921603083610535e-02,-4.144300147891044617e-02,5.677835941314697266e-01,-4.754653200507164001e-02,-3.939071297645568848e-02,-3.235435578972101212e-03,-1.655595935881137848e-02,4.191400706768035889e-01,1.910053193569183350e-01,-3.442348912358283997e-02,8.125515282154083252e-02,2.211887538433074951e-01,-3.190034627914428711e-02
-2.947020530700683594e-02,2.280282229185104370e-02,2.113863527774810791e-01,-2.489220164716243744e-02,-3.276147693395614624e-02,4.276242554187774658e-01,-3.749646246433258057e-02,-2.697671391069889069e-02,6.773130595684051514e-02,-3.012791974470019341e-03,3.457187712192535400e-01,2.230466604232788086e-01,-2.070297114551067352e-02,1.760079115629196167e-01,2.467952221632003784e-01,-1.523987669497728348e-02
2.604417800903320312e-01,5.077726244926452637e-01,2.084735333919525146e-01,3.244359791278839111e-01,1.385655701160430908e-01,-2.872459031641483307e-02,1.666329056024551392e-01,3.188360929489135742e-01,4.557439684867858887e-01,4.511431753635406494e-01,-7.739438209682703018e-03,2.742838263511657715e-01,4.040374159812927246e-01,4.764306545257568359e-01,2.357976585626602173e-01,5.227038860321044922e-01
-3.473153710365295410e-02,-3.237518668174743652e-02,4.982405155897140503e-02,-3.358952701091766357e-02,-3.350679203867912292e-02,7.202428579330444336e-01,-4.148880764842033386e-02,-3.378147631883621216e-02,-2.354664169251918793e-02,-3.194943070411682129e-02,4.636234045028686523e-01,2.937592566013336182e-02,-3.199812397360801697e-02,-1.067641284316778183e-02,8.181013166904449463e-02,-3.351591899991035461e-02
-4.072394594550132751e-02,7.815499305725097656e-01,7.525981068611145020e-01,-2.731105126440525055e-02,-5.213547497987747192e-02,-7.112163584679365158e-03,-4.937538132071495056e-02,-3.586867451667785645e-02,7.715442180633544922e-01,5.485555529594421387e-01,1.870695203542709351e-01,8.359014987945556641e-01,-1.843028888106346130e-02,8.959628343582153320e-01,7.214490175247192383e-01,2.482464164495468140e-02
-4.288361221551895142e-02,5.408491492271423340e-01,6.603783369064331055e-01,-2.784219197928905487e-02,-5.396940186619758606e-02,1.989952325820922852e-01,-5.482739955186843872e-02,-4.134703800082206726e-02,5.741252899169921875e-01,3.297274410724639893e-01,3.274329304695129395e-01,7.171709537506103516e-01,-2.293136343359947205e-02,7.145555019378662109e-01,6.353425383567810059e-01,-6.860198918730020523e-03
-2.979849092662334442e-02,5.198131203651428223e-01,5.848516821861267090e-01,-1.414986699819564819e-02,-4.200066253542900085e-02,1.725028306245803833e-01,-4.327272996306419373e-02,-2.893360890448093414e-02,5.507132411003112793e-01,3.243596255779266357e-01,2.825730144977569580e-01,6.416515111923217773e-01,-1.154242735356092453e-02,6.662430167198181152e-01,5.642180442810058594e-01,4.327157884836196899e-02
-4.460677504539489746e-02,6.241338849067687988e-01,7.072126865386962891e-01,-3.005499579012393951e-02,-5.514056608080863953e-02,1.024377197027206421e-01,-5.473374202847480774e-02,-4.194582626223564148e-02,6.486079692840576172e-01,4.051812887191772461e-01,2.914533019065856934e-01,7.728285789489746094e-01,-2.314614877104759216e-02,7.786626219749450684e-01,6.793249845504760742e-01,-6.093032192438840866e-03
-4.765237867832183838e-02,6.931011080741882324e-01,7.603347897529602051e-01,-3.428644314408302307e-02,-5.936144664883613586e-02,7.245977222919464111e-02,-5.810974165797233582e-02,-4.381809756159782410e-02,6.983789801597595215e-01,4.644474089145660400e-01,2.806373834609985352e-01,8.306550979614257812e-01,-2.568415366113185883e-02,8.493274450302124023e-01,7.274942398071289062e-01,-6.094052921980619431e-03
-4.656186699867248535e-02,7.187842726707458496e-01,7.936297059059143066e-01,-2.970132604241371155e-02,-5.993050336837768555e-02,9.362752735614776611e-02,-5.921486020088195801e-02,-4.407504200935363770e-02,7.428879737854003906e-01,4.661715328693389893e-01,3.061937987804412842e-01,8.624623417854309082e-01,-2.321100980043411255e-02,8.803516626358032227e-01,7.549902200698852539e-01,-3.828062908723950386e-03
-3.578615188598632812e-02,8.103142380714416504e-01,7.487705945968627930e-01,-2.130625955760478973e-02,-4.981990158557891846e-02,-6.649084389209747314e-03,-4.734842106699943542e-02,-3.121247887611389160e-02,7.829076051712036133e-01,5.765716433525085449e-01,2.093096226453781128e-01,8.372118473052978516e-01,-1.238473504781723022e-02,9.169394373893737793e-01,7.317151427268981934e-01,9.320554882287979126e-02
-3.360348567366600037e-02,7.549060583114624023e-01,6.863924860954284668e-01,-2.305170521140098572e-02,-4.534965381026268005e-02,-1.088281162083148956e-02,-4.213216528296470642e-02,-2.736810408532619476e-02,7.189552783966064453e-01,5.572282075881958008e-01,1.578168123960494995e-01,7.711166143417358398e-01,-1.187097001820802689e-02,8.526514172554016113e-01,6.723265051841735840e-01,8.514141291379928589e-02
-4.164856299757957458e-02,-1.341646164655685425e-02,2.066962420940399170e-01,-3.778804093599319458e-02,-4.143177345395088196e-02,5.780859589576721191e-01,-4.750519990921020508e-02,-4.056392982602119446e-02,-4.317545797675848007e-03,-1.778029836714267731e-02,4.286015331745147705e-01,2.011518478393554688e-01,-3.400962799787521362e-02,7.666491717100143433e-02,2.256418615579605103e-01,-3.243443369865417480e-02
-4.857941344380378723e-02,4.768821597099304199e-02,3.870586752891540527e-01,-4.144502803683280945e-02,-5.201305821537971497e-02,4.931727349758148193e-01,-5.647762492299079895e-02,-4.820986464619636536e-02,1.402214765548706055e-01,-4.682154860347509384e-03,4.574283659458160400e-01,3.878213763236999512e-01,-3.726822510361671448e-02,2.697945237159729004e-01,3.810079097747802734e-01,-3.195309266448020935e-02
-1.227620057761669159e-02,2.094224244356155396e-01,2.481013834476470947e-01,-5.887580569833517075e-03,-1.851055026054382324e-02,1.661160886287689209e-01,-2.026884630322456360e-02,-9.046305902302265167e-03,2.288071513175964355e-01,1.480738520622253418e-01,2.024587541818618774e-01,2.846564352512359619e-01,-4.028815892525017262e-04,3.096041083335876465e-01,2.684440016746520996e-01,7.590777426958084106e-02
-1.429541688412427902e-02,1.538439542055130005e-01,2.227687537670135498e-01,-9.384402073919773102e-03,-1.943617500364780426e-02,1.970482915639877319e-01,-2.163918875157833099e-02,-1.136819273233413696e-02,1.841256022453308105e-01,1.031243428587913513e-01,2.158490717411041260e-01,2.486887574195861816e-01,-4.215725231915712357e-03,2.628989219665527344e-01,2.452040910720825195e-01,2.641034871339797974e-02
-3.634607791900634766e-02,-7.109506521373987198e-03,2.230129539966583252e-01,-3.118474781513214111e-02,-3.760480135679244995e-02,5.164954066276550293e-01,-4.298205301165580750e-02,-3.475307673215866089e-02,1.015864312648773193e-02,-1.225125137716531754e-02,4.052265882492065430e-01,2.182178795337677002e-01,-2.815944887697696686e-02,1.192921549081802368e-01,2.376181334257125854e-01,-2.572089992463588715e-02
-4.841945692896842957e-02,4.017806649208068848e-01,5.414940118789672852e-01,-3.929458931088447571e-02,-5.373105034232139587e-02,1.824220120906829834e-01,-5.432737991213798523e-02,-4.512618109583854675e-02,4.536866247653961182e-01,2.449103593826293945e-01,3.021534681320190430e-01,5.947127938270568848e-01,-3.214747831225395203e-02,5.549938082695007324e-01,5.290812849998474121e-01,-1.961550489068031311e-02
-3.377937152981758118e-02,4.763899445533752441e-01,5.098198056221008301e-01,-2.590440213680267334e-02,-4.171621426939964294e-02,6.265152990818023682e-02,-4.098260402679443359e-02,-2.941211871802806854e-02,4.791513681411743164e-01,3.387209475040435791e-01,2.220444828271865845e-01,5.746160745620727539e-01,-1.700702682137489319e-02,5.932692885398864746e-01,5.077968239784240723e-01,-2.236633794382214546e-03
-4.025785624980926514e-02,4.895714521408081055e-01,5.894567370414733887e-01,-2.778309024870395660e-02,-5.010169371962547302e-02,1.507222950458526611e-01,-5.044434219598770142e-02,-3.822498768568038940e-02,5.244534015655517578e-01,3.156009614467620850e-01,3.072065114974975586e-01,6.469432711601257324e-01,-2.275357209146022797e-02,6.393328905105590820e-01,5.719034075736999512e-01,-6.913333665579557419e-03
-3.556479141116142273e-02,5.120019316673278809e-01,5.320842862129211426e-01,-2.631211280822753906e-02,-4.253472387790679932e-02,4.326691851019859314e-02,-4.178919270634651184e-02,-3.134844079613685608e-02,5.167039036750793457e-01,3.565137684345245361e-01,2.005218416452407837e-01,6.015221476554870605e-01,-1.798170618712902069e-02,6.249663233757019043e-01,5.244089961051940918e-01,-2.503473311662673950e-03
-2.646389976143836975e-02,6.791743040084838867e-01,6.398890018463134766e-01,-9.383770637214183807e-03,-4.065561667084693909e-02,7.803373038768768311e-03,-3.986625745892524719e-02,-2.558097615838050842e-02,6.776655912399291992e-01,4.652348458766937256e-01,2.285160869359970093e-01,7.181912660598754883e-01,-4.978250246495008469e-03,7.803213596343994141e-01,6.247000694274902344e-01,1.485735177993774414e-01
-3.441341966390609741e-02,5.933454632759094238e-01,6.600867509841918945e-01,-1.401125360280275345e-02,-4.784638434648513794e-02,1.568183153867721558e-01,-4.918962344527244568e-02,-3.531004860997200012e-02,6.508439779281616211e-01,3.539272844791412354e-01,3.063339293003082275e-01,7.290804386138916016e-01,-1.423918176442384720e-02,7.400195002555847168e-01,6.346634626388549805e-01,3.372765332460403442e-02
-2.744829468429088593e-02,2.653852105140686035e-03,2.150963395833969116e-01,-2.185452170670032501e-02,-3.098143637180328369e-02,4.273743331432342529e-01,-3.603917732834815979e-02,-2.587013319134712219e-02,7.530716061592102051e-02,-5.045517813414335251e-03,3.426693081855773926e-01,2.273384630680084229e-01,-1.875203102827072144e-02,1.637922078371047974e-01,2.368118911981582642e-01,-1.477302890270948410e-02
-2.455748617649078369e-02,-2.996840281412005424e-03,1.710593253374099731e-01,-1.991463452577590942e-02,-2.779146470129489899e-02,4.388746917247772217e-01,-3.275959566235542297e-02,-2.255141548812389374e-02,2.709861099720001221e-02,-6.837337743490934372e-03,3.421938717365264893e-01,1.819328367710113525e-01,-1.692125014960765839e-02,1.252962052822113037e-01,2.006842046976089478e-01,-1.305446960031986237e-02
